{
    "AAPL": [
        234.3812713623047,
        234.2512664794922,
        234.15708923339844,
        234.08987426757812,
        234.0372314453125,
        233.9914093017578,
        233.94784545898438
    ],
    "AMZN": [
        232.32305908203125,
        232.47113037109375,
        232.5775146484375,
        232.6815643310547,
        232.78651428222656,
        232.89158630371094,
        232.99609375
    ],
    "GC=F": [
        3620.066162109375,
        3630.272216796875,
        3638.56689453125,
        3645.47314453125,
        3651.503662109375,
        3656.985107421875,
        3662.123046875
    ],
    "GOOGL": [
        244.8119354248047,
        248.20567321777344,
        251.54434204101562,
        254.8699493408203,
        258.2154235839844,
        261.6043395996094,
        265.0538635253906
    ],
    "MSFT": [
        504.23895263671875,
        504.55206298828125,
        504.95172119140625,
        505.4111022949219,
        505.917236328125,
        506.4621276855469,
        507.0398864746094
    ],
    "NVDA": [
        173.77984619140625,
        173.8408203125,
        173.914794921875,
        173.9851837158203,
        174.05801391601562,
        174.13565063476562,
        174.21893310546875
    ],
    "TSLA": [
        357.2335205078125,
        360.37432861328125,
        362.70196533203125,
        364.49395751953125,
        365.9356994628906,
        367.1363525390625,
        368.1614990234375
    ]
}