{
    "AAPL": [
        233.72105407714844,
        233.57595825195312,
        233.46923828125,
        233.38499450683594,
        233.3140869140625,
        233.2509765625,
        233.1923065185547
    ],
    "AMZN": [
        230.1398468017578,
        230.05319213867188,
        229.92213439941406,
        229.77069091796875,
        229.6037139892578,
        229.4243621826172,
        229.23519897460938
    ],
    "GC=F": [
        3594.4931640625,
        3599.94677734375,
        3604.07275390625,
        3607.599853515625,
        3610.725830078125,
        3613.574951171875,
        3616.23046875
    ],
    "GOOGL": [
        244.6746063232422,
        248.2716522216797,
        251.89151000976562,
        255.61790466308594,
        259.51348876953125,
        263.62823486328125,
        268.00543212890625
    ],
    "MSFT": [
        499.9136657714844,
        500.0376281738281,
        499.9648132324219,
        499.8211669921875,
        499.63641357421875,
        499.42791748046875,
        499.2058410644531
    ],
    "NVDA": [
        171.5240020751953,
        171.5833740234375,
        171.51112365722656,
        171.3614959716797,
        171.16644287109375,
        170.94398498535156,
        170.70504760742188
    ],
    "TSLA": [
        356.98309326171875,
        359.81097412109375,
        361.9205322265625,
        363.5749816894531,
        364.8987731933594,
        365.9822082519531,
        366.8820495605469
    ]
}